compound_name,logp_2mg,asi,masi,phb,dmphb,cphb,cdmphb,fsi,tml,ce4,casi,chain_length,self_immolative,tg_linkage,branch_modifications,mw,transport_rate
2-MPA-TG,1.79,0,0,0,0,0,0,0,0,0,0,0,0,1,0,871.25,13.4
2-MPA-C6-es-TG,2.87,0,0,0,0,0,0,0,0,0,0,5,0,1,0,985.39,9.6
2-MPA-C4-et-TG,2.16,0,0,0,0,0,0,0,0,0,0,4,0,0,0,943.36,0.24
2-MPA-‘C5’-cn-TG,2.37,0,0,0,0,0,0,0,0,0,0,3,0,0,0,973.34,2.82
2-MPA-C5-am-TG,1.74,0,0,0,0,0,0,0,0,0,0,4,0,0,0,970.38,0.1
2-MPA-C6-et-TG,3.22,0,0,0,0,0,0,0,0,0,0,6,0,0,0,971.41,0.31
MPA(O-C4-TG)-Ome,1.74,0,0,0,0,0,0,0,0,0,0,3,0,1,0,985.35,0
MPA(O-C6-TG)-OMe,2.12,0,0,0,0,0,0,0,0,0,0,5,0,1,0,1013.4,2
MPA(O-C10-TG)-OMe,4.23,0,0,0,0,0,0,0,0,0,0,9,0,1,0,1069.51,11
MPA(O-C10αMe-TG)-OMe,4.54,0,0,0,0,0,0,0,0,0,0,9,0,1,1,1083.54,23
MPA(O-C10βMe-TG)-OMe,4.63,0,0,0,0,0,0,0,0,0,0,9,0,1,1,1083.54,42
MPA(O-C10α'αMe-TG)-OMe,4.85,0,0,0,0,0,0,0,0,0,0,9,0,1,2,1097.57,23
MPA(O-C10ααGMe-TG)-OMe,4.94,0,0,0,0,0,0,0,0,0,0,9,0,1,2,1097.57,22
MPA(O-C11-TG)-OMe,4.76,0,0,0,0,0,0,0,0,0,0,10,0,1,0,1083.54,25
MPA(O-C12-TG)-OMe,5.29,0,0,0,0,0,0,0,0,0,0,11,0,1,0,1097.57,31
MPA(O-C12βMe-TG)-OMe,5.69,0,0,0,0,0,0,0,0,0,0,11,0,1,1,1111.59,38
MPA(O-C12α'αMe-TG)-OMe,5.91,0,0,0,0,0,0,0,0,0,0,11,0,1,2,1125.62,31
MPA(O-C12α'βMe-TG)-OMe,6,0,0,0,0,0,0,0,0,0,0,11,0,1,2,1125.62,43
MPA(O-C12α'βMe-TG)-OMF,6.31,0,0,0,0,0,0,0,0,0,0,11,0,1,2,1224.75,42
MPA(O-C12α'βMe-TG-oleate)-COOH,5.22,0,0,0,0,0,0,0,0,0,0,11,0,1,2,1149.64,11
MPA(O-C12β'βMe-TG)-OMe,6.09,0,0,0,0,0,0,0,0,0,0,11,0,1,2,1125.62,42
MPA(O-C15-TG)-OMe,6.88,0,0,0,0,0,0,0,0,0,0,14,0,1,0,1139.65,15
MPA(O-C15βMe-TG)-OMe,7.28,0,0,0,0,0,0,0,0,0,0,14,0,1,1,1153.67,58
MPA(O-ASI-C12α'αMe-TG)-OMe,6.5,1,0,0,0,0,0,0,0,0,0,11,1,1,2,1155.65,11
MPA(O-ASI-C12α'βMe-TG)-OMe,6.59,1,0,0,0,0,0,0,0,0,0,11,1,1,2,1155.65,14
MPA(O-ASI-C12β'βMe-TG)-OMe,6.68,1,0,0,0,0,0,0,0,0,0,11,1,1,2,1155.65,32
MPA(O-MASI-C12βMe-TG)-OMe,6.19,0,1,0,0,0,0,0,0,0,0,11,1,1,1,1155.65,22
MPA(O-MASI-C12α'αMe-TG)-OMe,6.4,0,1,0,0,0,0,0,0,0,0,11,1,1,2,1169.67,26
MPA(O-MASI-C12α'βMe-TG)-OMe,6.5,0,1,0,0,0,0,0,0,0,0,11,1,1,2,1169.67,49
MPA(O-MASI-C12β'βMe-TG)-OMe,6.59,0,1,0,0,0,0,0,0,0,0,11,1,1,2,1169.67,64
MPA(O-PHB-C12α'βMe-TG)-OMe,7.69,0,0,1,0,0,0,0,0,0,0,11,1,1,2,1231.74,1
MPA(O-DMPHB-C5βMe-TG-oleate)-Ome,5.2,0,0,0,1,0,0,0,0,0,0,4,1,1,1,1199.66,13
MPA(O-DMPHB-C10βMe-TG)-OMe,7.32,0,0,0,1,0,0,0,0,0,0,9,1,1,1,1217.72,9
MPA(O-DMPHB-C12βMe-TG)-OMe,8.37,0,0,0,1,0,0,0,0,0,0,11,1,1,1,1245.77,4
MPA(O-DMPHB-C12α'βMe-TG)-OMe,8.68,0,0,0,1,0,0,0,0,0,0,11,1,1,2,1259.8,7
MPA(O-CPHB-C12α'βMe-TG)-OMe,6.9,0,0,0,0,1,0,0,0,0,0,11,1,1,2,1275.75,4
MPA(O-CDMPHB-C5βMe-TG-oleate)-OMe,4.41,0,0,0,0,0,1,0,0,0,0,4,1,1,1,1243.67,20
MPA(O-CDMPHB-C8βMe-TG-oleate)-OMe,5.47,0,0,0,0,0,1,0,0,0,0,7,1,1,1,1285.75,23
MPA(O-CDMPHB-C8β'βMe-TG-oleate)-OMe,5.87,0,0,0,0,0,1,0,0,0,0,7,1,1,2,1299.77,28
MPA(O-CDMPHB-C10βMe-TG)-OMe,6.53,0,0,0,0,0,1,0,0,0,0,9,1,1,1,1261.73,27
MPA(O-CDMPHB-C12βMe-TG)-OMe,7.58,0,0,0,0,0,1,0,0,0,0,11,1,1,1,1289.78,12
MPA(O-CDMPHB-C12α'βMe-TG)-OMe,7.89,0,0,0,0,0,1,0,0,0,0,11,1,1,2,1303.81,9
MPA(O-CE4-C12α'βMe-TG)-OMe,6.54,0,0,0,0,0,0,0,0,1,0,11,1,1,2,1211.71,25
MPA(O-TML-C12α'αMe-TG)-OMe,6.54,0,0,0,0,0,0,0,0,0,0,11,0,1,2,1211.71,9
MPA(O-C4-TG),2.39,0,0,0,0,0,0,0,0,0,0,3,0,1,0,957.34,7.1
MPA(O-C5-TG),2.4,0,0,0,0,0,0,0,0,0,0,4,0,1,0,971.37,8.2
MPA(O-C6-TG),2.87,0,0,0,0,0,0,0,0,0,0,5,0,1,0,985.39,9.6
MPA(O-C8-TG),3.93,0,0,0,0,0,0,0,0,0,0,7,0,1,0,1013.45,10.5
MPA(O-C15-TG),7.63,0,0,0,0,0,0,0,0,0,0,14,0,1,0,1111.64,22.1
MPA(O-C23-TG),12.31,0,0,0,0,0,0,0,0,0,0,22,0,1,0,1183.79,9.7
MPA(O-C5αMe-TG),2.65,0,0,0,0,0,0,0,0,0,0,4,0,1,1,985.39,9.1
MPA(O-C6αMe-TG),3.18,0,0,0,0,0,0,0,0,0,0,5,0,1,1,999.42,12.6
MPA(O-C5βMe-TG),2.74,0,0,0,0,0,0,0,0,0,0,4,0,1,1,985.39,12.1
MPA(O-C15Me-TG),8.03,0,0,0,0,0,0,0,0,0,0,14,0,1,1,1125.66,28.4
MPA(O-S-C5-TG),2.99,0,0,0,0,0,0,0,0,0,0,4,0,1,0,987.43,10.2
MPA-C4(ether)-TG,2.16,0,0,0,0,0,0,0,0,0,0,4,0,0,0,943.36,0.24
MPA-C6(ether)-TG,3.22,0,0,0,0,0,0,0,0,0,0,6,0,0,0,971.41,0.31
MPA-C7-TG,3.4,0,0,0,0,0,0,0,0,0,0,6,0,1,0,999.42,7.7
MPA-C12-TG,6.04,0,0,0,0,0,0,0,0,0,0,11,0,1,0,1069.56,19.94
MPA-C18-TG,9.22,0,0,0,0,0,0,0,0,0,0,17,0,1,0,1153.72,6.56
MPA-O-C12α’MeβMe-TG(OMe),6,0,0,0,0,0,0,0,0,0,0,11,0,1,2,1125.62,43.2
MPA-O-CASI-C12α’MeβMe-TG(OMe),5.65,0,0,0,0,0,0,0,0,0,1,11,1,1,2,1199.66,6.8
MPA-O-FSI(5)-C12α’MeβMe-TG(OMe),6.54,0,0,0,0,0,0,1,0,0,0,11,1,1,2,1225.74,15.28
MPA-O-TML-C12-TG,8.48,0,0,0,0,0,0,0,1,0,0,11,1,1,0,1301.84,8.73
MPA-O-C15β-TG,7.28,0,0,0,0,0,0,0,0,0,0,14,0,1,1,1153.67,58.19
MPA-C10-TG,4.98,0,0,0,0,0,0,0,0,0,0,9,0,1,0,1041.5,14.53
MPA(O-C11-2-TG)-OMe,4.76,0,0,0,0,0,0,0,0,0,0,10,0,1,0,1083.54,25.8
MPA-O-C10β-TG,5.38,0,0,0,0,0,0,0,0,0,0,9,0,1,1,1055.33,15.77
MPA-C15β-TG-butyrate,8.03,0,0,0,0,0,0,0,0,0,0,14,0,1,1,789.02,28.1
MPA-(O-C10αMe-2-TG)-OMe,4.54,0,0,0,0,0,0,0,0,0,0,9,0,1,1,1083.54,23.3
MPA-C12βMe-2-TG,6.44,0,0,0,0,0,0,0,0,0,0,11,0,1,1,1083.58,36.9
MPA-(O-TML-C12α’αMe-2-TG)-OMe,9.1,0,0,0,0,0,0,0,1,0,0,11,1,1,2,1329.89,9.5
MPA-(O-C12βMe-2-TG)-OMe,5.69,0,0,0,0,0,0,0,0,0,0,11,0,1,1,1111.59,38.8
MPA-(O-PHB-C12α‘βMe-2-TG)-OMe,7.69,0,0,1,0,0,0,0,0,0,0,11,1,1,2,1231.74,1.4
MPA-(O-C12αMe-2-TG)-OMe,5.6,0,0,0,0,0,0,0,0,0,0,11,0,1,1,1111.59,24.1
MPA-(O-C10α’αMe-2-TG)-OMe,4.85,0,0,0,0,0,0,0,0,0,0,9,0,1,2,1097.57,23.4
MPA-(O-FSI(4)-C12α’βMe-2-TG)-OMe,6.54,0,0,0,0,0,0,1,0,0,0,11,1,1,2,1141.58,25.2
MPA-(O-C10βMe-2-TG)-OMe,4.63,0,0,0,0,0,0,0,0,0,0,9,0,1,1,1083.54,42.2
MPA-(O-C15-2-TG)-OMe,6.88,0,0,0,0,0,0,0,0,0,0,14,0,1,0,1139.65,15.3
MPA-(O-MASI-C12α’βMe-2-TG)-OMe,6.5,0,1,0,0,0,0,0,0,0,0,11,1,1,2,1169.67,48.7
MPA-C8-TG,3.93,0,0,0,0,0,0,0,0,0,0,7,0,1,0,1013.4,10.21
MPA-C15-TG,7.63,0,0,0,0,0,0,0,0,0,0,14,0,1,0,1111.6,22.21
MPA-C4-TG,2.39,0,0,0,0,0,0,0,0,0,0,3,0,1,0,957.34,6.67
MPA-C5-TG,2.34,0,0,0,0,0,0,0,0,0,0,4,0,1,0,971.37,8.01
MPA-C6-TG,2.87,0,0,0,0,0,0,0,0,0,0,5,0,1,0,985.39,9.24
MPA-C21-TG,10.8,0,0,0,0,0,0,0,0,0,0,20,0,1,0,1195.8,9.62
